,construct,sequence,data_type,num_reads,num_aligned,num_of_mutations,mut_bases,info_bases,del_bases,ins_bases,cov_bases,start,end,mut_rates,use_temperature_for_rnastructure,tube,user,date,temperature_k,DMS_conc_mM,inc_time_tot_secs,exp_env,buffer,flank,ROI_start,ROI_stop,deltaG,deltaG_DMS,deltaG_DMS_ROI,deltaG_DMS_ROI_T,deltaG_DMS_T,deltaG_ROI,deltaG_ROI_T,deltaG_T,deltaG_ens,deltaG_ens_ROI_ROI,deltaG_ens_ROI_ROI_T,deltaG_ens_T,mut_probability,structure,structure_DMS,structure_DMS_ROI,structure_DMS_ROI_T,structure_DMS_T,structure_ROI,structure_ROI_T,structure_T,poisson_min,poisson_max,poisson_low,poisson_high,skips_low_mapq,skips_short_read,skips_too_many_muts,mod_bases_A,mod_bases_C,mod_bases_G,mod_bases_T
0,mttr-6-alt-h3,GGAAGATCGAGTAGATCAAAGGACGTATGGCGGGCGGCCGAGACCCCGAACTACGAGGAACAGAGGAAACTCTACCCCTCGCGGGGTCGTTTGACGCCG,DMS,2332,2331,"[1082, 858, 308, 71, 11, 1, 0, 0, 0, 0, 0, 0, 0, 0, 0, 0, 0, 0, 0, 0, 0, 0, 0, 0, 0, 0, 0, 0, 0, 0, 0, 0, 0, 0, 0, 0, 0, 0, 0, 0, 0, 0, 0, 0, 0, 0, 0, 0, 0, 0, 0, 0, 0, 0, 0, 0, 0, 0, 0, 0, 0, 0, 0, 0, 0, 0, 0, 0, 0, 0, 0, 0, 0, 0, 0, 0, 0, 0, 0, 0, 0, 0, 0, 0, 0, 0, 0, 0, 0, 0, 0, 0, 0, 0, 0, 0, 0, 0, 0, 0, 0, 0, 0, 0, 0, 0, 0, 0, 0, 0, 0, 0, 0, 0, 0, 0, 0, 0, 0, 0, 0, 0, 0, 0, 0, 0, 0, 0, 0, 0, 0, 0, 0, 0, 0]","[  0.   0.   0.   0.   1.   5.   0.   1.   1.   4.   2.   6.   0.   0.
   5.   0.   0.   0.  12.  36.  49.   4.   4.  24.  11.   5.   0.  40.
   2.   0.   5.   1.   4.   0.   9.   4.   2.   0.   4.   4.   3.  21.
   1.  12.   2.   2.   2.   5.   6.  30.  15.  30.   8. 124.   8.   1.
   5.   2.   3.  16.  65.  60.  66.   1.   9.   3.   5.   9.  14.  15.
   2.   2.   2.   1.  56.  79.  59.   4.   1.   0.   2.   2.   4.   2.
   1.   1.   0.   0.   2.   1.   4.   4.   1.   1.  89. 360.   2.   1.
   1.   2.   3.   2.   2.   2.   1.   2.   1.   8.  21.   0.   4.   1.
  15.  10.  32.   4.   0.   8.   3.   1.   4.   0. 106.   1.   1.  25.
   1.   0.   1.   2.   1.   0.   0.   0.   0.]","[   0. 2313. 2316. 2326. 2329. 2329. 2330. 2330. 2330. 2330. 2330. 2330.
 2330. 2330. 2330. 2330. 2330. 2330. 2330. 2330. 2330. 2330. 2330. 2330.
 2330. 2330. 2330. 2330. 2330. 2330. 2330. 2330. 2330. 2330. 2330. 2330.
 2330. 2330. 2330. 2330. 2330. 2330. 2330. 2330. 2330. 2330. 2330. 2330.
 2330. 2330. 2330. 2330. 2330. 2330. 2330. 2330. 2330. 2330. 2330. 2329.
 2329. 2329. 2329. 2328. 2328. 2328. 2328. 2327. 2327. 2327. 2325. 2325.
 2325. 2325. 2325. 2325. 2325. 2325. 2325. 2325. 2325. 2323. 2322. 2322.
 2322. 2322. 2320. 2314. 2314. 2313. 2312. 2303. 2291. 2290. 2262. 2256.
 2255. 2255. 2252. 2169. 2168. 2168. 2168. 2168. 2168. 2167. 2167. 2168.
 2168. 2168. 2168. 2167. 2167. 2167. 2167. 2167. 2167. 2164. 2164. 2163.
 2163. 2162. 2162. 2162. 2160. 2160. 2159. 2159. 2159. 2159. 2159. 2159.
 2159. 2158. 2158.]","[ 0.  0.  0.  0.  0.  0.  0.  1.  2.  1.  0.  0.  1.  0.  0.  0.  0.  1.
  0.  0.  0.  0.  0.  2.  0.  0.  0.  0.  0.  0.  0.  0.  0.  0.  0.  0.
  0.  0.  0.  0.  0.  0.  0.  1.  0.  0.  0.  0.  0.  0.  0.  0.  1.  0.
  1.  6.  1.  1.  1.  1.  0.  1.  0.  0.  2.  0.  1.  1.  0.  0.  3.  2.
  2.  5. 22.  0.  4.  0.  0.  0.  0.  2.  0.  0.  0.  0.  0.  0.  0.  0.
  0.  0.  0.  0.  0.  0.  1.  0.  0.  0.  0.  0.  0.  0.  0.  0.  0.  0.
  0.  0.  0.  0.  0.  0.  0.  0.  0.  0.  0.  0.  0.  0.  0.  0.  0.  0.
  0.  0.  2.  0.  0.  0.  0.  0.  0.]","[0. 0. 0. 0. 0. 0. 0. 0. 0. 0. 0. 0. 0. 0. 0. 0. 0. 0. 0. 0. 0. 0. 0. 0.
 0. 0. 0. 0. 0. 0. 0. 0. 0. 0. 0. 0. 0. 0. 0. 0. 0. 0. 0. 0. 0. 0. 0. 0.
 0. 0. 0. 0. 0. 0. 0. 0. 0. 0. 0. 0. 0. 0. 0. 0. 0. 0. 0. 0. 0. 0. 0. 0.
 0. 0. 0. 0. 0. 0. 0. 0. 0. 0. 0. 0. 0. 0. 0. 0. 0. 0. 0. 0. 0. 0. 0. 0.
 0. 0. 0. 0. 0. 0. 0. 0. 0. 0. 0. 0. 0. 0. 0. 0. 0. 0. 0. 0. 0. 0. 0. 0.
 0. 0. 0. 0. 0. 0. 0. 0. 0. 0. 0. 0. 0. 0. 0.]","[   0. 2275. 2291. 2319. 2323. 2312. 2326. 2329. 2323. 2306. 2323. 2310.
 2329. 2325. 2313. 2326. 2328. 2319. 2316. 2320. 2316. 2291. 2237. 2310.
 2304. 2297. 2294. 2308. 2300. 2290. 2293. 2270. 2274. 2304. 2304. 2304.
 2257. 2286. 2296. 2295. 2306. 2319. 2290. 2317. 2285. 2293. 2305. 2293.
 2254. 2295. 2302. 2298. 2301. 2289. 2282. 2278. 2306. 2298. 2295. 2296.
 2301. 2291. 2303. 2278. 2308. 2291. 2297. 2291. 2295. 2310. 2279. 2290.
 2270. 2278. 2304. 2277. 2272. 2272. 2292. 2304. 2264. 2302. 2278. 2295.
 2294. 2268. 2298. 2301. 2273. 2268. 2279. 2288. 2258. 2269. 2241. 2223.
 2225. 2192. 2181. 2114. 2132. 2131. 2103. 2149. 2110. 2098. 2154. 2154.
 2162. 2140. 2120. 2155. 2155. 2108. 2105. 2157. 2156. 2158. 2144. 2157.
 2157. 2157. 2141. 2158. 2154. 2141. 2152. 2154. 2147. 2150. 2154. 2147.
 2155. 2151. 2134.]",1,134,"[0.         0.         0.         0.00042937 0.00214684 0.
 0.00042918 0.00042918 0.00171674 0.00085837 0.00257511 0.
 0.         0.00214592 0.         0.         0.         0.00515021
 0.01545064 0.02103004 0.00171674 0.00171674 0.01030043 0.00472103
 0.00214592 0.         0.01716738 0.00085837 0.         0.00214592
 0.00042918 0.00171674 0.         0.00386266 0.00171674 0.00085837
 0.         0.00171674 0.00171674 0.00128755 0.00901288 0.00042918
 0.00515021 0.00085837 0.00085837 0.00085837 0.00214592 0.00257511
 0.01287554 0.00643777 0.01287554 0.00343348 0.05321888 0.00343348
 0.00042918 0.00214592 0.00085837 0.00128755 0.0068699  0.02790897
 0.02576213 0.02833834 0.00042955 0.00386598 0.00128866 0.00214777
 0.00386764 0.00601633 0.00644607 0.00086022 0.00086022 0.00086022
 0.00043011 0.02408602 0.03397849 0.02537634 0.00172043 0.00043011
 0.         0.00086022 0.00086096 0.00172265 0.00086133 0.00043066
 0.00043066 0.         0.         0.0008643  0.00043234 0.0017301
 0.00173686 0.00043649 0.00043668 0.03934571 0.15957447 0.00088692
 0.00044346 0.00044405 0.00092208 0.00138376 0.00092251 0.00092251
 0.00092251 0.00046125 0.00092293 0.00046147 0.00369004 0.00968635
 0.         0.00184502 0.00046147 0.00692201 0.00461467 0.01476696
 0.00184587 0.         0.00369686 0.00138632 0.00046232 0.00184928
 0.         0.04902868 0.00046253 0.00046296 0.01157407 0.00046318
 0.         0.00046318 0.00092635 0.00046318 0.         0.
 0.         0.        ]",False,A1,Yves,10/08/22,320,40,200,in_vitro,0,no_flank,20,80,-21.1,-21.1,-7.0,-7.0,-21.1,-7.0,-345.5,-780.2,-24.3422,-10.2793,-10.2793,-24.3422,"[0.02483118253902131, 0.051558111893586764, 0.024632274140260917, 0.0018062271453367612, 0.8561746451040261, 0.9000093412584084, 0.9409491879429978, 0.9451362091878157, 0.02218458129909957, 0.01832299425474752, 0.004908733790968775, 0.0052122105840478605, 0.0008242859220373442, 0.9210333393098231, 0.9167662117688157, 0.9537845774049303, 0.9240828110764058, 0.040983812974078396, 0.05082390253530518, 0.03798091882404301, 0.7545363888285755, 0.7759141079345421, 0.016691722094683125, 0.9179847307122655, 0.9302569641415733, 0.8409664988570869, 0.06654030074686795, 0.5425244711726447, 0.7502824428181732, 0.7361477651503441, 0.9338552053517327, 0.2425216713698647, 0.2187189961928805, 0.07149355098725145, 0.10672600707301848, 0.10779758608470182, 0.7171681661528276, 0.9592287455625215, 0.9455179220591732, 0.7308205155629319, 0.08548933328833713, 0.9396076668532363, 0.9728018371485257, 0.9875196074428876, 0.9910584698805062, 0.990977737943331, 0.9943250784828015, 0.9935452972815455, 0.0011665555855572302, 0.0005604689163217782, 0.009283808560000118, 0.008589210520960695, 0.0012376141331184168, 0.9929888208258161, 0.9925482360937219, 0.9868540525748217, 0.9945145074752884, 0.9834156728370995, 0.0018948260571584996, 0.003811394109150417, 0.003649493960935153, 0.9411767709022656, 0.9818439359309423, 0.9842654752229429, 0.9847800285552156, 0.013461122135889446, 0.0011693892616148325, 5.720454905830759e-06, 6.861072477288016e-06, 0.9757989648597313, 0.9810842365289087, 0.9788782744226143, 0.942327179510371, 0.0035294566789724935, 0.010707454506802015, 0.029100724173557586, 0.9771087519636206, 0.9856015442848206, 0.9900840522471327, 0.992370750324318, 0.9857424075645432, 0.9915016236503095, 0.9989661048467717, 0.9990593676128878, 0.9889932829366872, 0.9978927454004785, 0.9880186536992557, 0.9642621013209097, 0.052163184098278755, 0.1826178298327558, 0.11764484370355666, 0.12250997676267947, 0.08326574384802791, 0.8511514431053095, 0.8998601385795562, 0.8825646577168657, 0.80898669132219, 0.8114918121095482, 0.04510050788078035]",....((((.....))))...((.(((.((((.....)))).(((((((.....(((((...((((....))))...)))))))))))).....))))).,....((((.....))))...((.(((.((((.....)))).(((((((.....(((((...((((....))))...)))))))))))).....))))).,...((((...((((..........))))...)))).((...((((....))))..))...,...((((...((((..........))))...)))).((...((((....))))..))...,....((((.....))))...((.(((.((((.....)))).(((((((.....(((((...((((....))))...)))))))))))).....))))).,...((((...((((..........))))...)))).((...((((....))))..))...,((.(.(...)..(....).(......))..((.........)).((........))))..,.(.(...(.....).((....).(.(...)..(....).(......))..((...)).)....((....)).)...((....)).(...)).(....).,"[0.00000000e+00 0.00000000e+00 0.00000000e+00 1.08706775e-05
 6.97074448e-04 0.00000000e+00 1.08660120e-05 1.08660120e-05
 4.67753379e-04 1.03952480e-04 9.45018993e-04 0.00000000e+00
 0.00000000e+00 6.96775275e-04 0.00000000e+00 0.00000000e+00
 0.00000000e+00 2.66119103e-03 1.08214410e-02 1.55581415e-02
 4.67753379e-04 4.67753379e-04 6.59967934e-03 2.35672119e-03
 6.96775275e-04 0.00000000e+00 1.22646294e-02 1.03952480e-04
 0.00000000e+00 6.96775275e-04 1.08660120e-05 4.67753379e-04
 0.00000000e+00 1.76625455e-03 4.67753379e-04 1.03952480e-04
 0.00000000e+00 4.67753379e-04 4.67753379e-04 2.65524516e-04
 5.57911201e-03 1.08660120e-05 2.66119103e-03 1.03952480e-04
 1.03952480e-04 1.03952480e-04 6.96775275e-04 9.45018993e-04
 8.68707040e-03 3.60317001e-03 8.68707040e-03 1.48233141e-03
 4.42647144e-02 1.48233141e-03 1.08660120e-05 6.96775275e-04
 1.03952480e-04 2.65524516e-04 3.92674214e-03 2.15395568e-02
 1.96592190e-02 2.19168721e-02 1.08753471e-05 1.76777195e-03
 2.65752630e-04 6.97373879e-04 1.76853163e-03 3.28918362e-03
 3.60781527e-03 1.04176034e-04 1.04176034e-04 1.04176034e-04
 1.08893798e-05 1.81943218e-02 2.69010942e-02 1.93176489e-02
 4.68759300e-04 1.08893798e-05 0.00000000e+00 1.04176034e-04
 1.04265725e-04 4.69364933e-04 1.04310628e-04 1.09034487e-05
 1.09034487e-05 0.00000000e+00 0.00000000e+00 1.04671253e-04
 1.09458746e-05 4.71395058e-04 4.73237244e-04 1.10509856e-05
 1.10558113e-05 3.15978374e-02 1.43514326e-01 1.07409880e-04
 1.12274093e-05 1.12423659e-05 1.11668639e-04 2.85365370e-04
 1.11720147e-04 1.11720147e-04 1.11720147e-04 1.16779557e-05
 1.11771702e-04 1.16833447e-05 1.59309602e-03 5.99600138e-03
 0.00000000e+00 5.02705431e-04 1.16833447e-05 3.87419757e-03
 2.21291587e-03 1.01005890e-02 5.02937413e-04 0.00000000e+00
 1.59604075e-03 2.85892848e-04 1.17049505e-05 5.03867487e-04
 0.00000000e+00 4.01406636e-02 1.17103645e-05 1.17212074e-05
 7.49013049e-03 1.17266364e-05 0.00000000e+00 1.17266364e-05
 1.12185863e-04 1.17266364e-05 0.00000000e+00 0.00000000e+00
 0.00000000e+00 0.00000000e+00]","[0.00159485 0.00159278 0.00158593 0.00239229 0.00501002 0.00158321
 0.00239126 0.00239126 0.00439553 0.00310072 0.00560492 0.00158321
 0.00158321 0.00500787 0.00158321 0.00158321 0.00158321 0.00899639
 0.0213902  0.02780283 0.00439553 0.00439553 0.01532622 0.00844723
 0.00500787 0.00158321 0.0233771  0.00310072 0.00158321 0.00500787
 0.00239126 0.00439553 0.00158321 0.00733253 0.00439553 0.00310072
 0.00158321 0.00439553 0.00439553 0.00376278 0.01377714 0.00239126
 0.00899639 0.00310072 0.00310072 0.00310072 0.00500787 0.00560492
 0.01838063 0.01061812 0.01838063 0.00676532 0.0634525  0.00676532
 0.00239126 0.00500787 0.00310072 0.00376278 0.01115629 0.03557228
 0.03316097 0.03605332 0.00239332 0.00733883 0.00376601 0.00501217
 0.00734199 0.01009438 0.01063181 0.00310739 0.00310739 0.00310739
 0.00239641 0.0312777  0.04234734 0.03273363 0.00440498 0.00239641
 0.00158661 0.00310739 0.00311007 0.00441068 0.00311141 0.0023995
 0.0023995  0.00159003 0.00159416 0.00312216 0.00240884 0.00442975
 0.00444706 0.00243197 0.00243303 0.04841828 0.17694026 0.00320385
 0.0024708  0.00247409 0.00333088 0.00404395 0.00333242 0.00333242
 0.00333242 0.00256995 0.00333396 0.00257113 0.00727084 0.01480661
 0.00170151 0.00472398 0.00257113 0.01141681 0.00848655 0.02084654
 0.00472616 0.0017023  0.00728428 0.00405142 0.00257589 0.0047349
 0.00170623 0.05929877 0.00257708 0.00257946 0.01708562 0.00258066
 0.00170861 0.00258066 0.00334631 0.00258066 0.00170861 0.00170861
 0.0017094  0.0017094 ]","[0.         0.         0.         0.0004185  0.00144977 0.
 0.00041832 0.00041832 0.00124898 0.00075442 0.00163009 0.
 0.         0.00144915 0.         0.         0.         0.00248902
 0.0046292  0.0054719  0.00124898 0.00124898 0.00370075 0.00236431
 0.00144915 0.         0.00490275 0.00075442 0.         0.00144915
 0.00041832 0.00124898 0.         0.00209641 0.00124898 0.00075442
 0.         0.00124898 0.00124898 0.00102203 0.00343376 0.00041832
 0.00248902 0.00075442 0.00075442 0.00075442 0.00144915 0.00163009
 0.00418847 0.0028346  0.00418847 0.00195114 0.00895417 0.00195114
 0.00041832 0.00144915 0.00075442 0.00102203 0.00294316 0.00636942
 0.00610291 0.00642147 0.00041868 0.00209821 0.00102291 0.00145039
 0.00209911 0.00272715 0.00283825 0.00075604 0.00075604 0.00075604
 0.00041922 0.0058917  0.0070774  0.0060587  0.00125167 0.00041922
 0.         0.00075604 0.00075669 0.00125329 0.00075702 0.00041976
 0.00041976 0.         0.         0.00075963 0.00042139 0.00125871
 0.00126363 0.00042544 0.00042563 0.00774787 0.01606014 0.00077951
 0.00043223 0.00043281 0.00081042 0.0010984  0.00081079 0.00081079
 0.00081079 0.00044958 0.00081116 0.00044978 0.00209694 0.00369035
 0.         0.00134231 0.00044978 0.00304781 0.00240176 0.00466637
 0.00134293 0.         0.00210082 0.00110043 0.00045062 0.00134542
 0.         0.00888801 0.00045082 0.00045124 0.00408394 0.00045145
 0.         0.00045145 0.00081417 0.00045145 0.         0.
 0.         0.        ]","[0.00159485 0.00159278 0.00158593 0.00196292 0.00286317 0.00158321
 0.00196208 0.00196208 0.00267879 0.00224236 0.00302982 0.00158321
 0.00158321 0.00286195 0.00158321 0.00158321 0.00158321 0.00384617
 0.00593956 0.00677279 0.00267879 0.00267879 0.00502579 0.0037262
 0.00286195 0.00158321 0.00620972 0.00224236 0.00158321 0.00286195
 0.00196208 0.00267879 0.00158321 0.00346987 0.00267879 0.00224236
 0.00158321 0.00267879 0.00267879 0.00247522 0.00476426 0.00196208
 0.00384617 0.00224236 0.00224236 0.00224236 0.00286195 0.00302982
 0.00550509 0.00418035 0.00550509 0.00333184 0.01023361 0.00333184
 0.00196208 0.00286195 0.00224236 0.00247522 0.00428639 0.0076633
 0.00739884 0.00771498 0.00196376 0.00347285 0.00247735 0.0028644
 0.00347435 0.00407805 0.00418574 0.00224718 0.00224718 0.00224718
 0.0019663  0.00719168 0.00836885 0.00735729 0.00268455 0.0019663
 0.00158661 0.00224718 0.00224911 0.00268802 0.00225008 0.00196884
 0.00196884 0.00159003 0.00159416 0.00225786 0.0019765  0.00269965
 0.0027102  0.00199548 0.00199635 0.00907257 0.0173658  0.00231693
 0.00202734 0.00203004 0.0024088  0.00266018 0.00240991 0.00240991
 0.00240991 0.00210869 0.00241102 0.00210966 0.00358081 0.00512026
 0.00170151 0.00287896 0.00210966 0.00449479 0.00387188 0.00607958
 0.00288029 0.0017023  0.00358743 0.0026651  0.00211357 0.00288562
 0.00170623 0.0102701  0.00211454 0.0021165  0.00551154 0.00211748
 0.00170861 0.00211748 0.00241996 0.00211748 0.00170861 0.00170861
 0.0017094  0.0017094 ]",1,0,0,"[  0.   0.   0.   0.   0.   4.   0.   0.   1.   4.   0.   5.   0.   0.
   3.   0.   0.   0.   0.   0.   0.   4.   3.   0.   2.   2.   0.   0.
   0.   0.   2.   0.   4.   0.   5.   2.   1.   0.   2.   1.   1.   0.
   0.   0.   0.   2.   1.   0.   0.   0.   0.   4.   3.   0.   4.   0.
   0.   1.   3.   0.   0.  31.   0.   0.   0.   2.   1.   0.   0.   0.
   1.   1.   0.   0.   0.  29.  15.   3.   0.   0.   1.   1.   1.   1.
   0.   1.   0.   0.   1.   0.   1.   1.   1.   0.   0. 100.   0.   1.
   1.   2.   1.   0.   2.   0.   1.   1.   0.   0.   0.   0.   1.   1.
  12.   5.   3.   0.   0.   0.   3.   0.   0.   0. 104.   0.   0.  25.
   0.   0.   0.   0.   0.   0.   0.   0.   0.]","[ 0.  0.  0.  0.  0.  0.  0.  1.  0.  0.  0.  0.  0.  0.  0.  0.  0.  0.
  4.  3.  2.  0.  1.  8.  0.  1.  0.  2.  2.  0.  0.  0.  0.  0.  0.  0.
  0.  0.  0.  0.  0.  1.  0.  6.  0.  0.  0.  0.  0.  1.  3.  0.  1.  6.
  0.  0.  3.  0.  0.  3.  3.  0. 12.  0.  4.  0.  0.  1.  2.  2.  0.  1.
  0.  1. 32.  0.  0.  0.  0.  0.  0.  0.  0.  0.  0.  0.  0.  0.  0.  0.
  2.  1.  0.  0. 13.  0.  0.  0.  0.  0.  0.  0.  0.  0.  0.  0.  1.  0.
  3.  0.  0.  0.  2.  0.  0.  1.  0.  2.  0.  0.  0.  0.  0.  1.  0.  0.
  0.  0.  0.  0.  0.  0.  0.  0.  0.]","[ 0.  0.  0.  0.  1.  0.  0.  0.  0.  0.  1.  0.  0.  0.  0.  0.  0.  0.
  0.  3.  5.  0.  0.  5.  5.  0.  0.  2.  0.  0.  0.  0.  0.  0.  0.  1.
  0.  0.  1.  1.  0. 16.  0.  2.  0.  0.  0.  0.  0. 12.  4.  7.  4.  5.
  0.  0.  0.  0.  0.  5. 12. 10.  2.  0.  2.  0.  0.  5.  0.  4.  0.  0.
  0.  0.  0.  6.  5.  0.  0.  0.  0.  0.  0.  0.  0.  0.  0.  0.  0.  0.
  1.  2.  0.  0. 45. 71.  0.  0.  0.  0.  0.  0.  0.  0.  0.  0.  0.  1.
  0.  0.  1.  0.  1.  3. 11.  0.  0.  1.  0.  1.  0.  0.  1.  0.  0.  0.
  1.  0.  0.  1.  1.  0.  0.  0.  0.]","[  0.   0.   0.   0.   0.   1.   0.   0.   0.   0.   1.   1.   0.   0.
   2.   0.   0.   0.   8.  30.  42.   0.   0.  11.   4.   2.   0.  36.
   0.   0.   3.   1.   0.   0.   4.   1.   1.   0.   1.   2.   2.   4.
   1.   4.   2.   0.   1.   5.   6.  17.   8.  19.   0. 113.   4.   1.
   2.   1.   0.   8.  50.  19.  52.   1.   3.   1.   4.   3.  12.   9.
   1.   0.   2.   0.  24.  44.  39.   1.   1.   0.   1.   1.   3.   1.
   1.   0.   0.   0.   1.   1.   0.   0.   0.   1.  31. 189.   2.   0.
   0.   0.   2.   2.   0.   2.   0.   1.   0.   7.  18.   0.   2.   0.
   0.   2.  18.   3.   0.   5.   0.   0.   4.   0.   1.   0.   1.   0.
   0.   0.   1.   1.   0.   0.   0.   0.   0.]"
